{"_step":19,"accuracy":0.9860166907310486,"best_val_loss":0.10996843129396439,"epoch":19,"_runtime":320,"_wandb":{"runtime":320},"_timestamp":1.7578986650807128e+09,"loss":0.04810165613889694,"val_accuracy":0.9686999917030334,"best_epoch":14,"val_loss":0.11096248775720596}