{"_step":19,"best_epoch":19,"_wandb":{"runtime":438},"_runtime":438,"_timestamp":1.7579014009128048e+09,"loss":0.43124502897262573,"val_accuracy":0.9478999972343445,"val_loss":0.41163507103919983,"best_val_loss":0.41163507103919983,"epoch":19,"accuracy":0.9398999810218811}