{"val_loss":0.10510822385549545,"best_val_loss":0.10510822385549545,"_runtime":449,"accuracy":0.9840166568756104,"val_accuracy":0.9678000211715698,"_wandb":{"runtime":449},"loss":0.05538244545459747,"epoch":7,"best_epoch":7,"_step":7,"_timestamp":1.7578998597086158e+09}