{"_wandb":{"runtime":483},"val_loss":0.13890181481838226,"best_epoch":7,"accuracy":0.9619333148002625,"_step":7,"val_accuracy":0.9580000042915344,"best_val_loss":0.13890181481838226,"_runtime":483,"loss":0.1306793987751007,"_timestamp":1.7578985408423767e+09,"epoch":7}